일자,불쾌지수,최고기온(℃),최저기온(℃),rain,계절
2016-02-01,39.275534,5.0,-4.1,0.0,겨울
2016-02-02,36.562925,6.2,-9.1,0.0,겨울
2016-02-03,35.796707,7.7,-9.3,0.0,겨울
2016-02-04,38.396068,7.7,-7.7,0.0,겨울
2016-02-05,41.575228,9.6,-6.5,0.0,겨울
2016-02-11,46.523969,14.4,-3.0,0.0,겨울
2016-02-12,49.18304,14.4,5.8,62.8,겨울
2016-02-15,39.02356,2.3,-4.4,0.0,겨울
2016-02-16,38.057208,5.4,-6.3,0.0,겨울
2016-02-17,41.393734,8.1,-3.4,0.0,겨울
2016-02-18,40.732786000000004,10.3,-6.1,0.0,겨울
2016-02-19,44.84285,13.7,-2.7,0.0,겨울
2016-02-22,44.07903,7.0,-2.0,0.0,겨울
2016-02-23,47.257275,11.9,-0.1,0.0,겨울
2016-02-24,43.572714000000005,7.1,-4.0,0.0,겨울
2016-02-25,42.517376,7.6,-4.2,0.0,겨울
2016-02-26,40.12202,8.3,-5.9,0.0,겨울
2016-02-29,39.787876,3.5,-4.6,0.0,겨울
2016-03-02,44.151151999999996,11.8,-6.8,0.0,봄
2016-03-03,46.981127,16.0,-3.4,0.0,봄
2016-03-04,47.477112,9.7,6.6,36.1,봄
2016-03-07,52.89802,17.7,6.8,0.0,봄
2016-03-08,48.62662,11.3,3.4,3.3,봄
2016-03-09,45.331968,12.6,1.2,6.8,봄
2016-03-10,44.9911,8.5,-1.3,0.0,봄
2016-03-11,43.71888,8.4,-3.3,0.0,봄
2016-03-14,46.283225,13.9,-1.7,0.0,봄
2016-03-15,46.925631,14.5,-3.3,0.0,봄
2016-03-16,49.926496,16.7,2.8,0.0,봄
2016-03-17,51.016571,18.7,-1.1,0.0,봄
2016-03-18,50.131986,12.1,7.9,27.6,봄
2016-03-21,50.649875,16.6,3.5,0.0,봄
2016-03-22,50.98258,18.4,2.6,0.0,봄
2016-03-23,52.762685000000005,17.2,3.3,0.0,봄
2016-03-24,50.249152,12.6,5.6,0.0,봄
2016-03-25,46.449856,11.5,4.1,2.8,봄
2016-03-28,50.117984,17.5,-1.5,0.0,봄
2016-03-29,52.7428,15.9,1.5,0.0,봄
2016-03-30,57.136032,21.6,6.8,0.0,봄
2016-03-31,54.52202,20.9,4.6,0.0,봄
2016-04-01,56.836972,24.3,4.1,0.0,봄
2016-04-04,52.741372,13.8,9.8,2.6,봄
2016-04-05,54.991968,20.2,7.2,0.0,봄
2016-04-06,54.158918,20.5,5.2,26.1,봄
2016-04-07,54.34885,17.6,8.6,28.7,봄
2016-04-08,58.78165,23.0,9.1,0.0,봄
2016-04-11,52.66672,12.6,9.2,0.0,봄
2016-04-12,53.90681,18.6,4.3,3.1,봄
2016-04-14,61.665304000000006,25.8,11.3,0.0,봄
2016-04-15,55.842303,21.2,5.3,0.0,봄
2016-04-18,57.945080000000004,20.7,8.6,0.0,봄
2016-04-19,56.800225,21.0,6.2,0.0,봄
2016-04-20,56.68522,21.0,5.5,0.0,봄
2016-04-21,56.910180000000004,17.3,11.1,33.2,봄
2016-04-22,61.86377,24.5,12.5,0.0,봄
2016-04-25,59.262136,26.3,6.9,0.0,봄
2016-04-26,60.630918,25.6,5.7,1.2,봄
2016-04-27,52.98717,14.7,10.7,42.9,봄
2016-04-28,57.458089,19.5,10.5,5.0,봄
2016-04-29,58.79815,20.6,11.5,0.0,봄
2016-05-02,63.202856,23.5,10.2,0.0,봄
2016-05-03,61.167244,20.8,14.2,80.6,봄
2016-05-04,61.794328,24.9,10.5,0.0,봄
2016-05-09,62.271076,22.0,13.8,0.0,봄
2016-05-10,57.92616,17.3,12.2,31.3,봄
2016-05-11,60.068266,21.7,12.2,0.1,봄
2016-05-12,62.536616,24.1,11.2,0.0,봄
2016-05-13,60.669883999999996,23.3,10.9,0.0,봄
2016-05-16,58.908069,22.6,8.0,6.0,봄
2016-05-17,60.625568,27.8,4.7,0.0,봄
2016-05-18,64.663376,31.0,8.3,0.0,봄
2016-05-19,64.33286000000001,29.2,10.2,0.0,봄
2016-05-20,64.596078,28.7,10.0,0.0,봄
2016-05-23,65.349536,27.6,10.0,0.0,봄
2016-05-24,65.09124499999999,20.4,15.4,25.6,봄
2016-05-25,65.206567,27.0,12.6,0.0,봄
2016-05-26,66.941006,27.7,12.8,0.0,봄
2016-05-27,69.0548,29.2,17.8,0.0,봄
2016-05-30,67.829165,31.1,12.7,0.0,봄
2016-05-31,67.64531199999999,29.8,12.5,0.0,봄
2016-06-01,66.208304,26.3,15.1,0.0,여름
2016-06-02,64.07916,27.3,10.9,0.0,여름
2016-06-03,66.442185,28.3,12.1,0.0,여름
2016-06-07,68.457941,26.7,17.4,0.0,여름
2016-06-08,68.82239999999999,24.6,17.9,0.0,여름
2016-06-09,69.400727,28.2,18.1,0.0,여름
2016-06-10,70.227125,28.6,17.8,0.0,여름
2016-06-13,71.454312,28.5,20.5,0.0,여름
2016-06-14,70.89287999999999,28.0,20.1,0.0,여름
2016-06-15,69.84046599999999,24.2,18.5,0.0,여름
2016-06-16,71.653872,28.7,17.2,0.0,여름
2016-06-17,69.398004,30.6,14.5,0.0,여름
2016-06-20,71.76611199999999,26.4,20.9,5.2,여름
2016-06-21,71.54964000000001,25.4,21.2,2.0,여름
2016-06-22,69.882755,22.7,20.6,11.8,여름
2016-06-23,72.05770799999999,29.6,20.4,0.0,여름
2016-06-24,70.897025,28.0,19.8,73.6,여름
2016-06-27,67.646928,24.6,16.8,0.1,여름
2016-06-28,68.50751,25.7,17.7,0.0,여름
2016-06-29,69.349856,25.0,18.4,1.7,여름
2016-06-30,72.354595,29.0,19.4,0.0,여름
2016-07-01,73.578406,25.5,22.2,43.1,여름
2016-07-04,73.75634600000001,27.9,20.3,0.5,여름
2016-07-05,77.420415,29.7,24.5,0.1,여름
2016-07-06,76.987096,30.3,23.8,9.3,여름
2016-07-07,76.136321,31.1,22.4,0.0,여름
2016-07-08,75.152805,30.9,22.0,0.0,여름
2016-07-11,74.43174400000001,27.7,22.9,2.2,여름
2016-07-12,74.285144,26.9,22.6,4.2,여름
2016-07-13,76.202842,30.2,22.1,0.0,여름
2016-07-14,76.068243,33.0,21.7,0.0,여름
2016-07-15,73.33205000000001,30.2,22.1,0.0,여름
2016-07-18,73.06658200000001,30.0,19.2,0.0,여름
2016-07-19,73.87098499999999,30.6,21.2,0.0,여름
2016-07-20,72.89448999999999,30.5,19.4,0.0,여름
2016-07-21,72.98852600000001,30.1,20.0,0.0,여름
2016-07-22,72.8823,28.9,20.6,0.0,여름
2016-07-25,79.23288,33.4,24.5,28.4,여름
2016-07-26,78.9779,32.7,23.4,0.0,여름
2016-07-27,79.500024,32.9,25.0,0.0,여름
2016-07-28,79.934168,32.5,26.4,0.0,여름
2016-07-29,79.920444,34.1,25.0,0.0,여름
2016-08-01,77.047448,34.2,23.3,1.6,여름
2016-08-02,76.227049,33.0,22.9,10.2,여름
2016-08-03,76.476037,31.3,22.4,0.5,여름
2016-08-04,77.47234399999999,32.4,23.2,0.0,여름
2016-08-05,77.89685399999999,33.7,22.5,0.0,여름
2016-08-08,78.01025,36.2,23.4,0.4,여름
2016-08-09,77.959588,33.0,23.4,0.0,여름
2016-08-10,79.59203,35.3,23.5,0.0,여름
2016-08-11,80.78597099999999,37.5,24.4,0.0,여름
2016-08-12,81.543385,36.4,24.9,0.0,여름
2016-08-16,77.77304000000001,33.9,24.5,0.0,여름
2016-08-17,77.585656,34.1,23.4,13.9,여름
2016-08-18,77.373648,33.8,22.5,0.0,여름
2016-08-19,77.480325,34.2,21.9,0.0,여름
2016-08-22,78.32584800000001,35.7,22.4,0.2,여름
2016-08-23,76.93736,31.1,23.4,1.1,여름
2016-08-24,75.36429,34.6,20.8,0.0,여름
2016-08-25,76.14946,34.3,19.0,0.0,여름
2016-08-26,70.309674,29.7,18.5,3.8,여름
2016-08-29,67.416879,27.1,15.0,0.1,여름
2016-08-30,68.24148,25.6,14.8,0.0,여름
2016-08-31,70.857872,29.0,20.5,0.0,여름
2016-09-01,73.26935,30.5,20.7,20.8,가을
2016-09-02,66.079784,21.8,18.2,76.4,가을
2016-09-05,75.04997900000001,29.5,21.9,0.5,가을
2016-09-06,73.763612,27.3,21.9,0.0,가을
2016-09-07,72.62188,27.2,20.8,0.0,가을
2016-09-08,71.143327,29.7,17.4,0.0,가을
2016-09-09,71.35206,29.5,18.4,0.0,가을
2016-09-12,67.664653,24.6,17.4,8.5,가을
2016-09-13,69.390372,28.3,15.7,0.0,가을
2016-09-19,66.937625,24.2,18.0,0.0,가을
2016-09-20,64.12326999999999,24.5,12.8,0.0,가을
2016-09-21,63.287679999999995,23.9,11.1,0.0,가을
2016-09-22,65.0725,23.7,15.6,0.0,가을
2016-09-23,66.266782,27.2,13.5,0.0,가을
2016-09-26,69.795792,25.9,18.1,3.8,가을
2016-09-27,73.65938,29.5,20.6,0.0,가을
2016-09-28,70.852,24.5,19.9,16.7,가을
2016-09-29,65.087032,20.4,16.4,4.0,가을
2016-09-30,62.30905,18.6,15.8,30.7,가을
2016-10-04,69.20832200000001,28.4,16.0,1.9,가을
2016-10-05,66.977,27.8,16.0,82.2,가을
2016-10-06,64.630535,27.4,13.0,0.0,가을
2016-10-07,64.17278300000001,22.6,14.0,1.6,가을
2016-10-10,57.933244,20.4,8.1,0.0,가을
2016-10-11,57.770888,19.6,11.2,0.0,가을
2016-10-12,59.735656,23.9,9.2,0.0,가을
2016-10-13,59.203668,19.7,11.6,0.0,가을
2016-10-14,58.541792,23.9,8.1,0.0,가을
2016-10-17,63.847359999999995,24.8,14.1,0.0,가을
2016-10-18,61.582138,22.4,11.7,0.0,가을
2016-10-19,61.604468,23.8,11.7,0.0,가을
2016-10-20,60.779378,22.2,10.0,0.0,가을
2016-10-21,61.095605,18.5,14.5,0.0,가을
2016-10-24,58.511168,19.9,11.6,0.0,가을
2016-10-25,58.741526,21.9,10.9,3.5,가을
2016-10-26,57.140736000000004,20.1,8.6,0.0,가을
2016-10-27,57.631147999999996,19.0,7.1,0.0,가을
2016-10-28,57.28184,15.5,12.4,10.7,가을
2016-10-31,47.457489,10.5,3.7,0.7,가을
2016-11-01,46.904759999999996,12.8,0.4,0.0,가을
2016-11-02,45.769635,14.3,-1.8,0.0,가을
2016-11-03,47.656113000000005,16.3,0.7,0.0,가을
2016-11-04,50.766760000000005,17.5,1.3,0.0,가을
2016-11-07,54.888744,18.4,6.0,0.0,가을
2016-11-08,53.476572000000004,15.6,5.0,0.0,가을
2016-11-09,46.984297999999995,13.0,-0.1,0.0,가을
2016-11-10,50.413544,15.3,4.1,0.0,가을
2016-11-11,49.84395,17.4,3.7,0.0,가을
2016-11-14,57.753728,16.3,12.8,4.0,가을
2016-11-15,53.709720000000004,18.9,2.1,0.0,가을
2016-11-16,47.05013,16.5,-0.8,0.0,가을
2016-11-17,50.395871,17.8,3.0,0.0,가을
2016-11-18,50.486032,16.3,2.1,25.0,가을
2016-11-21,51.905018,16.2,6.0,0.0,가을
2016-11-22,50.164608,14.1,5.3,0.0,가을
2016-11-23,48.977415,11.8,2.1,0.0,가을
2016-11-24,45.048615,8.5,-0.2,0.0,가을
2016-11-25,43.292604,10.8,-2.7,0.0,가을
2016-11-28,43.039015,11.8,-1.0,0.0,가을
2016-11-29,43.34028,12.4,-3.6,0.0,가을
2016-11-30,46.737300000000005,10.6,1.4,4.5,가을
2016-12-01,48.032857,13.3,2.6,0.0,겨울
2016-12-02,41.264866,13.1,-3.9,0.0,겨울
2016-12-05,45.423396000000004,15.6,-0.5,0.0,겨울
2016-12-06,44.9216,10.1,-3.4,0.0,겨울
2016-12-07,37.113664,8.6,-5.7,0.0,겨울
2016-12-08,41.055071999999996,11.5,-2.6,0.0,겨울
2016-12-09,48.161969,13.0,0.3,0.0,겨울
2016-12-12,43.457287,10.5,-3.0,0.0,겨울
2016-12-13,46.09832,10.0,0.5,0.0,겨울
2016-12-14,42.894413,9.1,-3.6,0.0,겨울
2016-12-15,39.236952,5.4,-6.5,0.0,겨울
2016-12-16,39.783296,6.6,-8.1,0.0,겨울
2016-12-19,43.753506,7.4,1.9,11.0,겨울
2016-12-20,47.90367,14.6,2.8,0.0,겨울
2016-12-21,45.186,10.2,1.2,45.7,겨울
2016-12-22,53.717335,18.5,5.6,11.0,겨울
2016-12-23,44.561946,7.3,2.0,0.0,겨울
2016-12-26,43.47198,6.5,4.6,15.3,겨울
2016-12-27,44.212514,7.2,-2.1,1.0,겨울
2016-12-28,37.66898,7.9,-6.8,0.0,겨울
2016-12-29,39.123425,5.2,-4.9,0.0,겨울
2016-12-30,36.411604,7.7,-8.8,0.0,겨울
2017-01-02,42.624768,14.3,-1.8,0.0,겨울
2017-01-03,40.2367,12.0,-2.5,0.0,겨울
2017-01-04,38.757558,11.6,-4.2,0.0,겨울
2017-01-05,43.240555,10.1,-2.6,0.0,겨울
2017-01-06,45.679515,11.1,-0.8,0.0,겨울
2017-01-09,44.569622,9.4,-2.1,0.0,겨울
2017-01-10,39.410536,8.0,-5.3,0.0,겨울
2017-01-11,41.467330000000004,5.5,-3.1,0.0,겨울
2017-01-12,39.478076,8.9,-4.8,0.0,겨울
2017-01-13,39.628398,6.0,-5.0,0.0,겨울
2017-01-16,37.718952,7.1,-9.3,0.0,겨울
2017-01-17,36.801,6.6,-8.8,0.0,겨울
2017-01-18,40.794672000000006,8.0,-4.9,0.0,겨울
2017-01-19,37.151155,9.1,-6.4,0.0,겨울
2017-01-20,38.352106,3.4,-4.9,0.0,겨울
2017-01-23,36.39453,1.8,-8.1,0.0,겨울
2017-01-24,35.755294,4.6,-10.7,0.0,겨울
2017-01-25,35.27819,7.1,-11.0,0.0,겨울
2017-01-26,39.497916000000004,8.2,-10.5,0.0,겨울
2017-01-31,37.575999,8.6,-7.9,0.0,겨울
2017-02-01,42.389486,7.9,-6.0,0.0,겨울
2017-02-02,41.591426,10.8,-9.3,0.0,겨울
2017-02-03,40.744032000000004,10.6,-7.7,0.0,겨울
2017-02-06,43.002611,6.9,-3.7,0.0,겨울
2017-02-07,40.742224,9.0,-4.3,0.0,겨울
2017-02-08,43.448805,8.9,-3.5,0.0,겨울
2017-02-09,41.907685,3.1,-3.7,0.0,겨울
2017-02-10,38.369316,1.6,-7.0,0.0,겨울
2017-02-13,41.499,10.1,-8.1,0.0,겨울
2017-02-14,42.08161,11.0,-4.9,0.0,겨울
2017-02-15,42.069488,12.9,-6.7,0.0,겨울
2017-02-16,46.620778,16.1,-5.8,2.5,겨울
2017-02-17,52.708918,15.0,3.1,0.4,겨울
2017-02-20,49.134778,13.7,-1.6,0.4,겨울
2017-02-21,41.454172,10.1,-5.9,0.0,겨울
2017-02-22,39.81477,5.1,-2.2,30.1,겨울
2017-02-23,45.258334000000005,7.6,-0.2,0.0,겨울
2017-02-24,44.647425,8.8,-2.7,0.0,겨울
2017-02-27,44.871149,13.4,-2.7,0.0,겨울
2017-02-28,45.259691000000004,14.4,-2.4,0.0,겨울
2017-03-02,44.96343,9.0,-2.7,1.3,봄
2017-03-03,44.51476,13.3,-5.7,0.0,봄
2017-03-06,46.962078,9.8,0.3,0.0,봄
2017-03-07,42.630352,7.0,-4.7,0.0,봄
2017-03-08,40.78775,8.1,-6.6,0.0,봄
2017-03-09,46.961875,12.6,-4.6,0.0,봄
2017-03-10,47.15848,16.3,-3.5,0.0,봄
2017-03-13,51.398546,16.2,0.7,0.0,봄
2017-03-14,50.506944000000004,14.9,2.5,0.0,봄
2017-03-15,46.94735,14.0,-2.8,0.0,봄
2017-03-16,47.1606,13.5,-1.0,0.0,봄
2017-03-17,47.671825,17.0,-2.9,0.0,봄
2017-03-20,46.568666,12.9,0.8,7.9,봄
2017-03-21,50.927552,16.3,2.4,2.3,봄
2017-03-22,47.751174000000006,14.5,-1.1,0.0,봄
2017-03-23,51.317058,16.7,3.6,0.0,봄
2017-03-24,49.010747,12.9,2.0,0.0,봄
2017-03-27,45.512352,12.6,-0.5,0.0,봄
2017-03-28,48.416456,15.2,-2.2,0.6,봄
2017-03-29,45.58758,8.9,5.6,4.5,봄
2017-03-30,52.511055999999996,20.3,4.1,0.0,봄
2017-03-31,51.174199,13.6,7.2,2.6,봄
2017-04-03,53.64481,22.6,-0.6,0.0,봄
2017-04-04,55.711690000000004,21.6,1.3,0.0,봄
2017-04-05,56.353684,15.9,10.1,48.5,봄
2017-04-06,59.924415999999994,16.9,13.2,15.7,봄
2017-04-07,58.83225,24.3,9.9,0.0,봄
2017-04-10,56.811445,20.5,8.4,0.1,봄
2017-04-11,56.265119999999996,20.0,9.1,11.5,봄
2017-04-12,57.538799999999995,20.5,6.1,0.0,봄
2017-04-13,57.083775,21.9,2.4,0.0,봄
2017-04-14,58.97852,20.1,7.6,0.0,봄
2017-04-17,57.587588,17.7,10.8,16.5,봄
2017-04-18,58.359812000000005,20.9,7.9,0.0,봄
2017-04-19,58.181594000000004,22.2,7.8,0.0,봄
2017-04-20,56.07782,19.2,7.4,0.2,봄
2017-04-21,57.802777000000006,22.6,7.5,0.0,봄
2017-04-24,58.218246,21.9,7.2,0.0,봄
2017-04-25,62.238186999999996,22.8,10.1,0.1,봄
2017-04-26,58.388148,19.6,9.4,1.7,봄
2017-04-27,58.281635,20.5,7.6,0.0,봄
2017-04-28,59.141048,24.6,2.2,0.0,봄
2017-05-02,59.633528,24.9,6.6,0.0,봄
2017-05-04,62.88581,25.9,8.1,0.6,봄
2017-05-08,62.258168999999995,26.0,6.9,0.0,봄
2017-05-10,61.342232,22.6,11.9,0.1,봄
2017-05-11,65.746016,29.2,11.0,0.0,봄
2017-05-12,62.23062,18.9,14.6,9.1,봄
2017-05-15,60.0146,23.9,7.9,0.0,봄
2017-05-16,60.89821,24.4,9.1,0.0,봄
2017-05-17,61.741545,25.2,9.6,0.0,봄
2017-05-18,64.02896000000001,28.4,9.9,0.0,봄
2017-05-19,65.861786,29.8,10.7,0.0,봄
2017-05-22,65.064864,28.3,11.0,0.0,봄
2017-05-23,64.590836,25.6,11.3,0.0,봄
2017-05-24,66.872822,25.2,15.9,3.9,봄
2017-05-25,67.340215,30.4,14.6,0.0,봄
2017-05-26,61.675588,24.5,8.6,0.0,봄
2017-05-29,69.96094,34.4,12.6,0.0,봄
2017-05-30,69.828856,32.8,13.7,0.0,봄
2017-05-31,68.25639100000001,27.7,16.2,0.8,봄
2017-06-01,70.405146,29.6,18.9,0.0,여름
2017-06-02,65.2115,27.6,11.7,0.0,여름
2017-06-05,64.622525,28.5,11.8,0.0,여름
2017-06-07,65.866192,24.5,16.0,12.6,여름
2017-06-08,67.258702,29.5,12.6,0.0,여름
2017-06-09,68.610704,30.7,14.1,0.0,여름
2017-06-12,64.23815,24.6,14.7,0.0,여름
2017-06-13,64.365296,27.5,12.8,0.3,여름
2017-06-14,67.133901,28.9,13.6,0.0,여름
2017-06-15,69.451296,32.6,13.5,0.0,여름
2017-06-16,68.152432,28.6,15.0,0.0,여름
2017-06-19,71.030655,33.0,15.5,0.0,여름
2017-06-20,68.374304,26.0,17.4,10.3,여름
2017-06-21,69.83635,29.5,17.1,0.0,여름
2017-06-22,70.973985,31.3,17.0,0.0,여름
2017-06-23,71.403798,31.5,18.0,0.0,여름
2017-06-26,69.946635,24.7,20.0,10.5,여름
2017-06-27,70.566672,27.4,19.4,0.0,여름
2017-06-28,71.158756,30.8,17.3,0.0,여름
2017-06-29,70.01424,25.6,19.0,4.8,여름
2017-06-30,73.076281,28.2,20.2,0.0,여름
2017-07-03,76.582684,29.6,25.2,0.3,여름
2017-07-04,76.729895,31.5,24.1,1.9,여름
2017-07-05,76.393956,31.5,22.9,17.6,여름
2017-07-06,75.573792,28.1,22.7,5.2,여름
2017-07-07,76.33779200000001,29.4,22.6,0.3,여름
2017-07-10,78.668998,29.0,25.7,0.0,여름
2017-07-11,76.499115,28.2,23.3,0.0,여름
2017-07-12,78.190456,33.8,23.0,0.0,여름
2017-07-13,77.585656,33.3,21.0,0.0,여름
2017-07-14,77.863927,33.5,23.3,0.0,여름
2017-07-17,77.846254,32.0,23.1,4.8,여름
2017-07-18,78.070188,31.1,22.8,1.9,여름
2017-07-19,78.53617,34.5,22.7,0.0,여름
2017-07-20,80.252615,34.7,23.2,0.0,여름
2017-07-21,82.22653,36.3,24.7,0.0,여름
2017-07-24,82.348782,35.2,25.2,0.1,여름
2017-07-25,79.53639799999999,34.1,24.1,17.2,여름
2017-07-26,75.50676100000001,32.8,21.2,0.0,여름
2017-07-27,74.25966299999999,33.3,18.2,0.0,여름
2017-07-28,76.91904,34.6,20.4,0.0,여름
2017-07-31,77.64706,31.2,23.6,38.2,여름
2017-08-01,78.785505,34.0,23.2,0.0,여름
2017-08-02,78.138765,32.6,23.8,0.0,여름
2017-08-03,77.85515000000001,33.9,21.8,0.0,여름
2017-08-04,79.86981,35.1,23.6,0.0,여름
2017-08-07,80.589685,37.1,25.0,0.0,여름
2017-08-08,78.4411,32.7,21.8,0.0,여름
2017-08-09,78.48271,30.7,24.7,0.2,여름
2017-08-10,79.917488,34.6,25.2,0.0,여름
2017-08-11,77.32879199999999,34.0,22.5,28.8,여름
2017-08-14,71.34568,23.0,21.2,48.5,여름
2017-08-16,77.638135,31.7,23.0,0.8,여름
2017-08-17,77.7936,32.4,23.2,0.8,여름
2017-08-18,77.160316,31.6,23.0,0.0,여름
2017-08-21,76.551276,30.0,22.9,20.2,여름
2017-08-22,77.68763200000001,30.1,23.1,8.1,여름
2017-08-23,79.82624100000001,32.7,24.2,11.6,여름
2017-08-24,80.22649799999999,32.4,26.8,0.3,여름
2017-08-25,77.369056,33.3,21.5,0.8,여름
2017-08-28,73.81821,30.7,18.3,0.0,여름
2017-08-29,74.945036,31.8,20.7,0.0,여름
2017-08-30,67.92486600000001,27.5,18.3,0.0,여름
2017-08-31,68.452838,29.3,14.4,0.0,여름
2017-09-01,68.83888400000001,28.5,17.6,0.0,가을
2017-09-04,69.01899,26.8,18.0,0.0,가을
2017-09-05,69.044555,24.2,18.8,0.7,가을
2017-09-06,68.58428800000002,23.9,17.8,32.3,가을
2017-09-07,67.92214000000001,25.9,17.9,1.0,가을
2017-09-08,70.10242600000001,30.1,16.1,0.0,가을
2017-09-11,68.821125,23.7,19.2,74.4,가을
2017-09-12,70.75055499999999,30.9,17.2,0.0,가을
2017-09-13,66.81912600000001,29.3,12.5,0.0,가을
2017-09-14,66.54003499999999,27.8,12.6,0.0,가을
2017-09-15,65.73400000000001,25.0,14.5,0.0,가을
2017-09-18,67.61532,28.7,15.5,0.0,가을
2017-09-19,68.948198,28.2,14.0,0.0,가을
2017-09-20,66.971476,26.0,13.5,0.0,가을
2017-09-21,63.6446,26.8,10.6,0.0,가을
2017-09-22,65.2979,27.6,13.7,0.0,가을
2017-09-25,69.084675,29.4,15.3,0.0,가을
2017-09-26,69.12735,28.6,17.4,0.0,가을
2017-09-27,65.68902,20.7,17.4,8.2,가을
2017-09-28,66.10837000000001,27.3,12.1,0.0,가을
2017-09-29,59.880386,23.3,9.9,0.0,가을
2017-10-10,69.342772,29.2,17.0,0.0,가을
2017-10-11,68.187792,26.6,17.5,0.0,가을
2017-10-12,57.929196000000005,18.0,12.3,18.6,가을
2017-10-13,57.798773,22.2,8.6,0.0,가을
2017-10-16,59.692184,18.7,11.6,0.0,가을
2017-10-17,58.709054,21.6,10.4,0.0,가을
2017-10-18,60.070979,19.0,11.8,0.0,가을
2017-10-19,61.056276,22.2,11.4,0.0,가을
2017-10-20,60.167526,23.2,9.5,0.0,가을
2017-10-23,58.587284,20.1,11.1,0.0,가을
2017-10-24,53.231303999999994,17.8,7.3,0.1,가을
2017-10-25,53.19607500000001,21.1,4.3,0.0,가을
2017-10-26,53.931152,21.2,5.3,0.0,가을
2017-10-27,55.981961999999996,22.9,7.1,0.0,가을
2017-10-30,51.43939,17.8,2.0,0.0,가을
2017-10-31,49.218019999999996,18.9,-1.1,0.0,가을
2017-11-01,51.534119000000004,20.0,1.0,0.0,가을
2017-11-02,52.6866,19.7,4.4,0.0,가을
2017-11-03,54.580745,21.6,4.8,0.0,가을
2017-11-06,48.55278,19.0,-1.1,0.0,가을
2017-11-07,55.75893000000001,19.4,3.7,0.0,가을
2017-11-08,59.148686,22.8,10.8,0.0,가을
2017-11-09,51.414828,19.7,1.6,0.0,가을
2017-11-10,55.531803,21.0,3.8,0.0,가을
2017-11-13,48.583639000000005,16.2,-0.5,0.0,가을
2017-11-14,52.549242,18.5,3.5,0.0,가을
2017-11-15,47.193110000000004,14.3,-0.2,0.0,가을
2017-11-16,42.012504,11.9,-2.7,0.0,가을
2017-11-17,45.935928000000004,13.4,-2.3,0.0,가을
2017-11-20,45.65258,11.1,-0.8,0.0,가을
2017-11-21,40.627148000000005,12.0,-4.3,0.0,가을
2017-11-22,46.79881,13.3,-0.8,0.0,가을
2017-11-23,43.97754,9.2,-1.9,0.0,가을
2017-11-24,41.418097,10.7,-4.5,0.0,가을
2017-11-27,43.712064,14.5,-1.7,0.0,가을
2017-11-28,48.442464,18.1,0.2,0.0,가을
2017-11-29,51.137336000000005,16.8,2.5,0.0,가을
2017-11-30,49.415319,11.0,1.2,0.0,가을
2017-12-01,43.20728,8.3,-4.7,0.0,겨울
2017-12-04,43.059312,10.8,-2.9,0.0,겨울
2017-12-05,37.777894,5.2,-6.4,0.0,겨울
2017-12-06,37.279722,9.4,-7.8,0.0,겨울
2017-12-07,40.0352,11.6,-5.8,0.0,겨울
2017-12-08,42.10455,4.8,-3.6,0.0,겨울
2017-12-11,41.317306,4.7,-3.2,0.0,겨울
2017-12-12,38.885315999999996,1.8,-6.0,0.0,겨울
2017-12-13,37.629136,3.7,-10.0,0.0,겨울
2017-12-14,37.752269,6.0,-12.0,0.0,겨울
2017-12-15,40.641513,9.2,-8.6,0.0,겨울
2017-12-18,39.124617,8.2,-9.7,0.0,겨울
2017-12-19,38.789116,5.9,-6.5,0.0,겨울
2017-12-20,36.34688,6.6,-9.3,0.0,겨울
2017-12-21,36.160211000000004,9.6,-7.9,0.0,겨울
2017-12-22,36.395636,10.4,-9.7,0.0,겨울
2017-12-26,40.492336,8.0,-5.9,0.0,겨울
2017-12-27,40.334711999999996,4.7,-8.7,0.0,겨울
2017-12-28,36.601364000000004,5.4,-7.8,0.0,겨울
2017-12-29,39.898477,11.3,-5.8,0.0,겨울
2018-01-02,39.124617,9.4,-7.5,0.0,겨울
2018-01-03,44.6552,6.9,-3.3,0.0,겨울
2018-01-04,43.288606,5.6,-2.3,0.0,겨울
2018-01-05,43.724804,8.6,-2.7,0.0,겨울
2018-01-08,39.830552,5.3,-0.1,1.5,겨울
2018-01-09,42.1249,5.2,-0.6,0.0,겨울
2018-01-10,35.764741,1.0,-4.7,0.5,겨울
2018-01-11,32.79061,0.4,-10.0,0.0,겨울
2018-01-12,31.313900000000004,0.0,-13.2,0.0,겨울
2018-01-15,42.465072,14.8,-2.6,0.0,겨울
2018-01-16,38.865776,6.1,-2.4,22.9,겨울
2018-01-17,41.340469999999996,10.7,0.7,4.1,겨울
2018-01-18,39.471513,11.5,-1.8,0.0,겨울
2018-01-19,37.95272,11.2,-4.5,0.0,겨울
2018-01-22,44.955502,9.5,-0.1,0.0,겨울
2018-01-23,36.945614000000006,5.2,-8.2,0.0,겨울
2018-01-24,34.599630000000005,-1.6,-9.9,0.0,겨울
2018-01-25,37.318944,-0.5,-11.6,0.0,겨울
2018-01-26,37.076167,0.1,-10.8,0.0,겨울
2018-01-29,38.11286,2.8,-8.3,0.0,겨울
2018-01-30,34.460424,3.4,-11.2,0.0,겨울
2018-01-31,35.9969,5.0,-9.5,0.0,겨울
2018-02-01,37.50656,7.7,-8.1,0.0,겨울
2018-02-02,38.223876000000004,6.4,-9.1,0.0,겨울
2018-02-05,35.49325,-0.4,-11.7,0.0,겨울
2018-02-06,36.045165000000004,-1.2,-10.0,0.0,겨울
2018-02-07,32.430179,2.9,-14.3,0.0,겨울
2018-02-08,35.399280000000005,6.7,-12.7,0.0,겨울
2018-02-09,43.22362,11.1,-5.2,0.0,겨울
2018-02-12,37.36387,2.2,-7.0,0.0,겨울
2018-02-13,40.38168,7.6,-6.7,0.0,겨울
2018-02-14,44.806392,14.7,-4.8,0.0,겨울
2018-02-19,45.826058,11.5,-1.1,0.0,겨울
2018-02-20,45.785886000000005,13.2,-5.4,0.0,겨울
2018-02-21,46.237481,6.9,-3.9,0.0,겨울
2018-02-22,41.025818,8.7,-8.0,0.0,겨울
2018-02-23,41.580562,11.7,-6.8,0.0,겨울
2018-02-26,44.717304999999996,15.3,-5.0,0.0,겨울
2018-02-27,45.459816000000004,15.2,-3.5,0.0,겨울
2018-02-28,44.413308,9.4,2.0,30.8,겨울
2018-03-02,43.700243,11.2,-3.2,0.0,봄
2018-03-05,45.579536000000004,11.5,3.7,6.0,봄
2018-03-06,46.28612,13.2,-0.4,0.0,봄
2018-03-07,43.45057,8.2,0.5,12.7,봄
2018-03-08,42.572693,8.4,2.2,38.7,봄
2018-03-09,44.364536,10.0,1.0,0.0,봄
2018-03-12,47.963512,16.7,-1.8,0.0,봄
2018-03-13,51.57858,19.6,0.6,0.0,봄
2018-03-14,56.252708,21.5,4.7,0.0,봄
2018-03-15,57.751726000000005,16.1,10.0,43.5,봄
2018-03-16,46.8888,13.9,1.8,3.8,봄
2018-03-19,48.76056,12.0,5.6,40.4,봄
2018-03-20,46.072736,10.1,0.7,1.4,봄
2018-03-21,37.667839,3.4,0.1,9.9,봄
2018-03-22,46.052040000000005,14.2,0.8,0.0,봄
2018-03-23,46.705600000000004,16.3,-2.2,0.0,봄
2018-03-26,53.90681,22.0,1.3,0.0,봄
2018-03-27,55.018922,22.7,2.2,0.0,봄
2018-03-28,56.522226,23.3,3.4,0.0,봄
2018-03-29,57.494575999999995,24.0,5.9,0.0,봄
2018-03-30,55.029537000000005,20.7,7.2,0.0,봄
2018-04-02,60.89544600000001,23.6,9.6,0.0,봄
2018-04-03,62.611908,24.2,11.9,0.0,봄
2018-04-04,57.426717,19.0,8.9,15.7,봄
2018-04-05,48.645746,9.7,8.1,4.9,봄
2018-04-06,52.509788,17.2,5.4,17.1,봄
2018-04-09,55.926398000000006,20.9,6.1,0.0,봄
2018-04-10,56.734144,20.7,3.2,0.0,봄
2018-04-11,63.573119000000005,25.1,13.3,0.2,봄
2018-04-12,57.105885,21.3,4.9,0.0,봄
2018-04-13,55.55464,17.7,5.5,0.0,봄
2018-04-16,53.912639999999996,18.5,2.8,0.0,봄
2018-04-17,55.632592,20.5,5.9,0.0,봄
2018-04-18,56.540838,22.1,5.0,0.0,봄
2018-04-19,58.076845000000006,24.9,5.0,0.0,봄
2018-04-20,60.617824,28.4,5.7,0.0,봄
2018-04-23,52.429808,15.0,10.8,45.8,봄
2018-04-24,54.722775999999996,14.4,10.3,8.9,봄
2018-04-25,56.608048,21.8,6.0,0.0,봄
2018-04-26,57.653412,24.4,4.1,0.0,봄
2018-04-27,60.296537,25.3,7.9,0.0,봄
2018-04-30,62.960783,23.6,12.1,0.0,봄
2018-05-02,61.130582000000004,18.9,9.2,3.2,봄
2018-05-03,56.559751000000006,19.1,8.7,0.0,봄
2018-05-04,58.765288999999996,21.6,4.3,0.0,봄
2018-05-08,58.662600999999995,18.6,10.7,0.0,봄
2018-05-09,57.516400000000004,20.0,7.2,0.0,봄
2018-05-10,59.967616,23.2,9.0,0.0,봄
2018-05-11,60.892105,23.6,9.7,0.0,봄
2018-05-14,64.59444,26.9,10.2,0.0,봄
2018-05-15,67.092704,28.2,12.7,0.3,봄
2018-05-16,69.37166,21.7,20.1,3.3,봄
2018-05-17,70.284944,25.5,20.7,1.8,봄
2018-05-18,69.02304,27.7,14.3,1.4,봄
2018-05-21,61.97792,22.8,12.4,0.0,봄
2018-05-23,65.686605,27.2,12.6,17.4,봄
2018-05-24,64.101215,28.9,8.8,0.0,봄
2018-05-25,64.502604,27.5,10.3,0.0,봄
2018-05-28,65.58213,22.5,17.3,2.8,봄
2018-05-29,69.633798,28.0,17.9,0.0,봄
2018-05-30,69.998935,27.3,17.9,0.0,봄
2018-05-31,65.394409,27.2,14.0,0.0,봄
2018-06-01,67.531476,32.2,11.7,0.0,여름
2018-06-04,69.188242,29.1,15.2,0.0,여름
2018-06-05,66.622016,23.5,17.3,1.5,여름
2018-06-07,70.89089200000001,31.3,16.3,0.0,여름
2018-06-08,71.386375,30.1,16.9,0.0,여름
2018-06-11,63.305644,21.7,15.4,32.3,여름
2018-06-12,64.61745,23.1,16.2,19.4,여름
2018-06-14,66.449909,25.8,15.7,0.0,여름
2018-06-15,65.342379,25.6,14.7,0.0,여름
2018-06-18,70.55408,29.6,16.8,0.0,여름
2018-06-19,69.03689600000001,27.3,19.0,8.4,여름
2018-06-20,71.211608,29.7,16.8,0.0,여름
2018-06-21,70.93597600000001,31.5,16.9,0.0,여름
2018-06-22,69.458474,30.3,16.3,0.0,여름
2018-06-25,72.7611,32.1,18.2,0.0,여름
2018-06-26,72.243236,26.6,19.7,0.3,여름
2018-06-27,74.85775000000001,28.7,22.8,12.0,여름
2018-06-28,70.644995,23.9,20.2,91.9,여름
2018-06-29,73.592467,28.0,21.6,2.9,여름
2018-07-02,75.061192,28.6,22.9,57.4,여름
2018-07-03,73.02976000000001,24.8,22.7,14.4,여름
2018-07-04,76.312444,31.2,20.7,0.0,여름
2018-07-05,73.08076,26.3,22.2,81.9,여름
2018-07-06,69.076544,22.6,19.9,4.9,여름
2018-07-09,66.230458,20.2,18.1,23.4,여름
2018-07-10,73.49719999999999,28.8,19.9,0.0,여름
2018-07-11,76.943704,31.3,21.8,0.0,여름
2018-07-12,77.56708,31.9,22.3,0.0,여름
2018-07-13,78.26875,34.0,23.2,0.0,여름
2018-07-16,78.157095,33.6,22.6,0.0,여름
2018-07-17,77.436443,33.1,21.8,0.0,여름
2018-07-18,78.10381100000001,34.3,22.8,0.0,여름
2018-07-19,78.17280600000001,35.0,22.1,0.0,여름
2018-07-20,78.85538,36.0,22.5,0.0,여름
2018-07-23,79.149674,34.2,24.0,0.0,여름
2018-07-24,79.832216,33.5,23.5,0.0,여름
2018-07-25,80.33014,35.2,24.1,0.0,여름
2018-07-26,81.098244,37.1,24.8,0.0,여름
2018-07-27,81.54939999999999,37.9,25.1,0.4,여름
2018-07-30,78.65949,34.5,24.5,4.9,여름
2018-07-31,78.298216,34.9,22.9,0.0,여름
2018-08-01,78.924616,36.4,22.7,0.0,여름
2018-08-02,79.278914,36.2,23.3,0.0,여름
2018-08-03,79.354614,33.9,24.1,0.0,여름
2018-08-06,80.8872,36.8,24.7,0.0,여름
2018-08-07,79.514024,34.4,25.2,0.1,여름
2018-08-08,79.222775,36.1,23.7,3.5,여름
2018-08-09,80.30121199999999,34.7,25.3,0.0,여름
2018-08-10,78.51225099999999,32.2,24.8,1.6,여름
2018-08-13,79.753968,35.8,24.5,0.0,여름
2018-08-14,79.30185,37.1,22.8,0.0,여름
2018-08-16,75.970596,31.2,22.7,29.7,여름
2018-08-17,71.706458,30.1,19.1,0.0,여름
2018-08-20,73.41062,31.9,18.9,0.0,여름
2018-08-21,75.72827000000001,34.0,19.4,0.0,여름
2018-08-22,78.63906399999999,34.1,22.8,0.0,여름
2018-08-23,77.09361999999999,29.8,24.1,17.7,여름
2018-08-24,77.61063,31.8,24.8,5.4,여름
2018-08-27,73.963612,27.4,21.1,46.0,여름
2018-08-28,76.845285,31.9,22.2,0.1,여름
2018-08-29,76.75037599999999,31.3,22.1,0.0,여름
2018-08-30,77.38896199999999,30.3,24.5,6.0,여름
2018-08-31,74.364263,25.9,22.6,31.6,여름
2018-09-03,73.047214,25.6,20.6,58.1,가을
2018-09-04,72.430808,31.2,18.3,33.3,가을
2018-09-05,69.823308,29.4,15.2,0.0,가을
2018-09-06,69.92448,25.1,17.3,0.0,가을
2018-09-07,68.761035,25.6,17.9,3.7,가을
2018-09-10,66.383516,26.8,15.3,0.0,가을
2018-09-11,65.263165,25.6,13.5,0.0,가을
2018-09-12,69.356,28.4,14.9,0.0,가을
2018-09-13,68.30627799999999,22.5,18.6,10.2,가을
2018-09-14,69.76254,23.7,19.6,24.7,가을
2018-09-17,71.472026,28.5,20.1,0.0,가을
2018-09-18,70.72384,29.1,18.8,0.0,가을
2018-09-19,67.74541400000001,24.3,15.7,0.2,가을
2018-09-20,67.91972100000001,22.3,19.2,10.1,가을
2018-09-21,66.419588,21.4,17.7,18.3,가을
2018-10-08,59.506035,22.8,10.3,0.0,가을
2018-10-10,58.78,19.8,11.2,0.0,가을
2018-10-11,54.863240000000005,18.5,5.5,0.0,가을
2018-10-12,51.345161000000004,18.6,3.4,0.0,가을
2018-10-15,57.780183,22.7,8.2,0.0,가을
2018-10-16,53.7636,16.9,7.6,0.0,가을
2018-10-17,54.711087,21.0,5.6,0.0,가을
2018-10-18,55.113408,20.5,4.6,0.0,가을
2018-10-19,,20.8,5.4,0.0,가을
2018-10-22,55.1365,20.2,5.0,0.0,가을
2018-10-23,56.984188,21.9,8.6,0.0,가을
2018-10-24,53.988748,21.1,4.7,0.0,가을
2018-10-25,53.292578000000006,20.6,4.1,0.0,가을
2018-10-26,54.603359999999995,15.6,7.6,0.9,가을
2018-10-29,51.688968,19.1,4.9,0.1,가을
2018-10-30,48.77835,15.7,2.2,0.0,가을
2018-10-31,48.539671999999996,16.7,1.7,0.0,가을
2018-11-01,46.601216,17.6,-0.3,0.0,가을
2018-11-02,48.092256,18.8,-0.1,0.0,가을
2018-11-05,50.887888000000004,20.9,1.8,0.0,가을
2018-11-06,52.500759,20.5,3.4,0.0,가을
2018-11-07,55.32815600000001,17.8,7.5,0.5,가을
2018-11-08,57.25016,17.6,12.1,19.5,가을
2018-11-09,55.509352,17.7,5.4,0.0,가을
2018-11-12,52.016276,17.2,4.8,1.5,가을
2018-11-13,50.22585,16.9,2.4,0.0,가을
2018-11-14,49.364805000000004,17.4,3.5,0.0,가을
2018-11-15,49.087436999999994,18.6,1.7,0.0,가을
2018-11-16,48.23218,11.7,5.0,1.0,가을
2018-11-19,47.499354,15.4,1.1,0.0,가을
2018-11-20,45.556132,15.1,-0.7,0.0,가을
2018-11-21,45.715994,10.2,-0.2,0.0,가을
2018-11-22,46.91332,10.4,-0.8,0.0,가을
2018-11-23,42.100792,11.5,-3.4,0.0,가을
2018-11-26,43.437504000000004,16.2,-1.2,0.0,가을
2018-11-27,45.945756,18.6,-1.2,0.0,가을
2018-11-28,46.164321,15.6,-1.0,0.0,가을
2018-11-29,45.385149999999996,14.9,-2.8,0.0,가을
2018-11-30,45.038897,15.3,-1.0,0.0,가을
2018-12-03,55.188148,15.3,11.0,9.5,겨울
2018-12-04,56.30256,18.2,9.4,12.0,겨울
2018-12-05,49.305997000000005,12.3,3.4,0.0,겨울
2018-12-06,45.058748,8.2,4.1,2.5,겨울
2018-12-07,41.695524,4.8,-2.9,0.0,겨울
2018-12-10,38.194157,8.3,-8.3,0.0,겨울
2018-12-11,38.29808,5.0,-4.0,1.5,겨울
2018-12-12,40.545544,6.4,-4.8,0.0,겨울
2018-12-13,39.599648,8.0,-7.3,0.0,겨울
2018-12-14,39.753849,7.3,-5.7,0.0,겨울
2018-12-17,39.317794,10.1,-0.9,0.0,겨울
2018-12-18,38.736725,10.7,-4.4,0.0,겨울
2018-12-19,43.730084,14.8,-3.8,0.0,겨울
2018-12-20,42.415943999999996,9.6,-0.7,0.0,겨울
2018-12-21,42.69282,14.9,-2.3,0.0,겨울
2018-12-24,40.934160000000006,8.9,-4.4,0.0,겨울
2018-12-26,47.569298,10.8,1.4,0.0,겨울
2018-12-27,43.35649,3.8,-5.5,0.0,겨울
2018-12-28,38.110454000000004,1.9,-8.8,0.0,겨울
2018-12-31,39.581952,8.3,-8.4,0.0,겨울
2019-01-02,38.545728,7.0,-6.9,0.0,겨울
2019-01-03,36.801,9.4,-8.9,0.0,겨울
2019-01-04,39.245232,6.1,-8.4,0.0,겨울
2019-01-07,40.13256,9.1,-7.9,0.0,겨울
2019-01-08,41.00448,8.6,-5.1,0.0,겨울
2019-01-09,40.273952,4.9,-3.8,0.0,겨울
2019-01-10,42.71995,9.1,-2.3,0.0,겨울
2019-01-11,40.600716000000006,10.0,-4.2,0.0,겨울
2019-01-14,38.631192,11.3,-5.6,0.0,겨울
2019-01-15,41.305802,10.0,-2.8,0.0,겨울
2019-01-16,41.109308,6.2,-6.7,0.0,겨울
2019-01-17,38.9355,7.1,-8.4,0.0,겨울
2019-01-18,39.165438,10.9,-7.1,0.0,겨울
2019-01-21,37.742955,9.1,-7.7,0.0,겨울
2019-01-22,38.104485,10.8,-7.2,0.0,겨울
2019-01-23,40.636714,12.3,-6.9,0.0,겨울
2019-01-24,40.072428,11.5,-6.6,0.0,겨울
2019-01-25,40.353296,7.9,-5.9,0.0,겨울
2019-01-28,42.011967,10.9,-5.8,0.0,겨울
2019-01-29,39.351505,10.4,-7.4,0.0,겨울
2019-01-30,44.47783,12.5,-4.9,0.0,겨울
2019-01-31,37.124388,7.0,-4.6,9.5,겨울
2019-02-01,36.392450000000004,6.4,-6.2,0.0,겨울
2019-02-07,46.311232000000004,11.6,0.7,0.0,겨울
2019-02-08,44.661537,8.0,-1.2,0.0,겨울
2019-02-11,42.646416,7.3,-3.6,0.0,겨울
2019-02-12,40.59268,9.1,-7.0,0.0,겨울
2019-02-13,45.095988000000006,9.4,-3.0,0.0,겨울
2019-02-14,43.94975,9.6,-1.8,0.0,겨울
2019-02-15,44.264957,11.6,-2.2,0.0,겨울
2019-02-18,42.87288,7.5,-4.4,0.0,겨울
2019-02-19,40.990021999999996,8.9,1.1,29.0,겨울
2019-02-20,44.185675,10.6,-1.0,0.0,겨울
2019-02-21,43.56348,11.8,-3.0,0.0,겨울
2019-02-22,43.21112,12.6,-1.6,0.0,겨울
2019-02-25,47.706360000000004,17.5,-1.7,0.0,겨울
2019-02-26,47.809596,15.3,-2.2,0.0,겨울
2019-02-27,48.306238,13.5,4.3,0.5,겨울
2019-02-28,49.38329,15.4,2.3,0.5,겨울
2019-03-04,51.897932,17.2,4.3,0.0,봄
2019-03-05,49.897238,15.5,-0.5,0.0,봄
2019-03-06,49.57244,14.4,4.9,2.0,봄
2019-03-07,48.057500000000005,14.9,0.6,0.0,봄
2019-03-08,46.682114,16.1,-1.9,0.0,봄
2019-03-11,45.761168,15.3,0.6,0.0,봄
2019-03-12,46.966929,14.1,0.1,0.0,봄
2019-03-13,46.164519999999996,10.6,-2.2,0.0,봄
2019-03-14,45.677221,13.2,-4.0,0.0,봄
2019-03-15,44.380846,13.2,-1.4,0.0,봄
2019-03-18,48.847441,14.8,-0.9,0.0,봄
2019-03-19,54.017663999999996,22.0,1.1,0.0,봄
2019-03-20,52.757432,17.2,4.3,19.0,봄
2019-03-21,58.215936,19.8,8.3,0.0,봄
2019-03-22,51.749963,15.2,5.0,0.0,봄
2019-03-25,45.73436,13.1,-1.8,0.0,봄
2019-03-26,51.348194,21.1,-0.7,0.0,봄
2019-03-27,55.084735,20.1,1.4,0.0,봄
2019-03-28,55.56096,19.5,7.3,0.0,봄
2019-03-29,55.25721,19.5,7.8,0.0,봄
2019-04-01,48.008477,13.4,-2.1,0.0,봄
2019-04-02,49.492288,15.3,-1.3,0.0,봄
2019-04-03,51.583960000000005,15.7,-0.5,0.0,봄
2019-04-04,53.714873,20.5,-1.8,0.0,봄
2019-04-05,55.873536,21.9,2.2,0.0,봄
2019-04-08,57.785903000000005,21.6,8.8,0.0,봄
2019-04-09,52.06134,16.4,6.5,24.0,봄
2019-04-10,48.340736,11.6,5.6,10.9,봄
2019-04-11,49.623385,14.3,2.4,0.0,봄
2019-04-12,52.886749,19.4,4.0,0.0,봄
2019-04-15,53.809336,21.5,1.1,0.0,봄
2019-04-16,56.185604999999995,22.8,1.9,0.0,봄
2019-04-17,59.078751999999994,21.6,9.0,0.0,봄
2019-04-18,58.54144,23.8,5.9,0.0,봄
2019-04-19,55.170860000000005,16.6,9.1,0.0,봄
2019-04-22,62.698375,26.0,10.5,0.0,봄
2019-04-23,58.434953,18.5,10.6,8.3,봄
2019-04-24,63.470692,21.7,14.6,6.0,봄
2019-04-25,59.325592,17.2,13.0,11.1,봄
2019-04-26,54.562477,15.1,9.0,0.0,봄
2019-04-29,52.17866,11.8,9.3,54.2,봄
2019-04-30,60.07355,20.8,11.6,0.0,봄
2019-05-02,60.1686,25.1,6.4,0.0,봄
2019-05-03,60.38659,27.9,5.5,0.0,봄
2019-05-07,58.215320000000006,22.2,6.9,0.0,봄
2019-05-08,58.357788,22.9,4.7,0.0,봄
2019-05-09,60.376162,24.8,8.3,0.0,봄
2019-05-10,61.097577,27.6,7.1,0.0,봄
2019-05-13,62.89391,25.4,8.3,0.0,봄
2019-05-14,67.9828,26.9,16.3,0.0,봄
2019-05-15,66.818291,28.8,14.3,0.0,봄
2019-05-16,67.225216,30.1,13.4,0.0,봄
2019-05-17,67.247275,29.5,12.6,4.7,봄
2019-05-20,62.525949999999995,22.9,10.6,0.4,봄
2019-05-21,62.021156000000005,26.2,6.3,0.0,봄
2019-05-22,63.84841,27.7,8.3,0.0,봄
2019-05-23,67.430057,31.8,11.3,0.0,봄
2019-05-24,68.24128,30.5,11.1,0.0,봄
2019-05-27,67.13631000000001,21.2,17.1,66.0,봄
2019-05-28,63.718496,26.6,11.7,0.0,봄
2019-05-29,65.071823,30.3,9.6,0.0,봄
2019-05-30,65.896568,29.0,9.3,0.0,봄
2019-05-31,62.156927,22.6,13.6,1.2,봄
2019-06-03,68.248265,30.3,12.8,0.0,여름
2019-06-04,70.21915,30.7,14.0,0.0,여름
2019-06-05,71.827899,32.7,17.0,0.0,여름
2019-06-07,65.71743000000001,22.7,16.6,15.8,여름
2019-06-10,65.260592,23.1,15.8,0.3,여름
2019-06-11,65.11309,24.9,15.5,1.9,여름
2019-06-12,67.513574,27.6,15.1,0.0,여름
2019-06-13,68.154847,28.3,16.7,0.0,여름
2019-06-14,65.591861,22.7,15.8,2.7,여름
2019-06-17,69.493559,26.9,18.1,0.0,여름
2019-06-18,70.27351999999999,27.5,17.0,0.0,여름
2019-06-19,71.187072,30.1,17.2,0.0,여름
2019-06-20,72.88473400000001,30.1,18.3,0.0,여름
2019-06-21,72.953344,30.1,18.7,0.0,여름
2019-06-24,69.670703,27.7,17.1,0.0,여름
2019-06-25,71.476473,29.9,17.5,0.0,여름
2019-06-26,65.03501,19.8,16.2,93.7,여름
2019-06-27,73.943485,29.6,19.7,40.0,여름
2019-06-28,73.77327,28.3,21.1,0.0,여름
2019-07-01,73.64520200000001,26.2,20.8,0.3,여름
2019-07-02,73.1188,29.6,18.8,0.0,여름
2019-07-03,72.029011,28.2,18.6,0.0,여름
2019-07-04,73.342465,31.6,18.9,0.0,여름
2019-07-05,74.035992,31.6,19.1,0.0,여름
2019-07-08,70.632264,28.0,17.7,0.0,여름
2019-07-09,70.61337,26.7,19.6,0.0,여름
2019-07-10,68.46110300000001,21.8,19.2,27.0,여름
2019-07-11,73.67669000000001,29.5,20.3,0.1,여름
2019-07-12,73.144638,29.5,18.7,0.0,여름
2019-07-15,73.382169,28.9,20.7,5.1,여름
2019-07-16,72.928193,29.3,19.2,4.8,여름
2019-07-17,73.75168,29.1,19.2,2.0,여름
2019-07-18,71.806175,24.2,20.7,24.8,여름
2019-07-19,73.806925,24.7,22.3,30.7,여름
2019-07-22,78.41743199999999,31.7,22.7,0.0,여름
2019-07-23,78.912775,32.1,23.7,0.0,여름
2019-07-24,77.732031,28.9,24.7,0.0,여름
2019-07-25,78.50812400000001,29.5,25.0,0.0,여름
2019-07-26,79.188817,29.7,25.2,0.0,여름
2019-07-29,79.52781999999999,32.1,23.6,0.0,여름
2019-07-30,80.57266000000001,32.1,25.6,0.0,여름
2019-07-31,80.898116,32.6,26.0,0.0,여름
2019-08-01,80.163376,33.6,23.7,0.0,여름
2019-08-02,80.684936,35.2,24.0,0.0,여름
2019-08-05,80.65514,35.7,23.4,0.0,여름
2019-08-06,77.16978,29.8,23.3,7.3,여름
2019-08-07,79.314138,33.3,23.7,0.0,여름
2019-08-08,80.0114,33.7,24.0,0.0,여름
2019-08-09,79.928504,34.2,23.5,0.0,여름
2019-08-12,79.96831,30.9,24.7,0.2,여름
2019-08-13,80.831354,35.4,24.4,2.2,여름
2019-08-14,80.744708,34.7,24.2,0.6,여름
2019-08-16,78.258508,33.2,23.1,0.0,여름
2019-08-19,75.429678,31.9,19.5,0.0,여름
2019-08-20,76.96732,31.1,22.1,0.2,여름
2019-08-21,76.34340399999999,28.6,24.2,13.3,여름
2019-08-22,78.48271,31.7,23.8,29.8,여름
2019-08-23,74.155776,29.0,21.0,0.0,여름
2019-08-26,72.91377499999999,30.5,18.1,0.0,여름
2019-08-27,72.09867200000001,24.2,21.2,10.7,여름
2019-08-28,73.80265600000001,27.6,21.9,0.3,여름
2019-08-29,71.346746,24.1,19.6,0.2,여름
2019-08-30,70.784058,29.8,17.6,0.0,여름
2019-09-02,68.052308,21.4,19.3,24.9,가을
2019-09-03,71.01404500000001,24.6,20.1,95.9,가을
2019-09-04,73.990544,25.6,22.1,11.5,가을
2019-09-05,76.114184,29.9,22.7,7.0,가을
2019-09-06,77.17552,30.2,22.0,1.8,가을
2019-09-09,77.98136,31.6,23.2,0.7,가을
2019-09-10,77.06515999999999,29.8,23.4,0.2,가을
2019-09-11,76.454834,30.5,22.0,1.8,가을
2019-09-16,71.75394,29.0,18.5,0.0,가을
2019-09-17,67.514648,28.2,14.1,0.0,가을
2019-09-18,67.831986,30.3,14.5,0.0,가을
2019-09-19,65.561038,26.0,14.0,0.0,가을
2019-09-20,65.246468,25.1,13.0,0.0,가을
2019-09-23,64.095054,20.5,16.6,0.1,가을
2019-09-24,64.161332,25.9,13.3,0.0,가을
2019-09-25,63.228291999999996,25.1,11.1,0.0,가을
2019-09-26,67.79692,27.9,14.4,0.0,가을
2019-09-27,69.953818,25.9,17.5,3.4,가을
2019-09-30,72.93732,27.3,20.7,0.0,가을
2019-10-02,70.46204399999999,24.5,19.8,139.6,가을
2019-10-04,69.376924,27.6,16.7,0.0,가을
2019-10-07,60.477340999999996,17.6,14.5,7.4,가을
2019-10-08,61.881479999999996,23.6,10.1,0.0,가을
2019-10-10,58.8515,24.1,6.9,0.0,가을
2019-10-11,64.414396,27.2,11.5,0.0,가을
2019-10-14,59.798576,24.5,8.3,0.0,가을
2019-10-15,58.709956000000005,18.8,11.4,0.0,가을
2019-10-16,56.207388,21.5,8.4,0.0,가을
2019-10-17,56.47952,19.3,8.8,0.0,가을
2019-10-18,58.763174,16.7,10.3,9.8,가을
2019-10-21,58.564672,23.4,8.3,0.0,가을
2019-10-22,60.337564,23.6,9.3,0.0,가을
2019-10-23,60.657117,20.8,11.8,0.0,가을
2019-10-24,63.33696,22.1,12.7,0.0,가을
2019-10-25,62.85265,24.2,11.9,0.0,가을
2019-10-28,52.208991999999995,18.9,2.4,0.0,가을
2019-10-29,54.115244000000004,20.5,5.9,0.0,가을
2019-10-30,51.624904,19.7,3.7,0.0,가을
2019-10-31,52.259016,21.4,3.0,0.0,가을
2019-11-01,55.056156,23.2,4.7,0.0,가을
2019-11-04,55.025114,19.0,7.5,0.0,가을
2019-11-05,53.77669,20.1,6.8,0.0,가을
2019-11-06,51.997246,20.5,3.6,0.0,가을
2019-11-07,52.570938999999996,19.6,5.5,0.0,가을
2019-11-08,48.82544,17.8,2.2,0.0,가을
2019-11-11,55.405732,19.5,6.3,0.0,가을
2019-11-12,50.023674,17.8,2.5,0.0,가을
2019-11-13,52.11836,16.2,2.4,0.0,가을
2019-11-14,47.283981,12.8,-1.5,0.0,가을
2019-11-15,47.922855999999996,16.2,-3.3,0.0,가을
2019-11-18,54.179862,19.2,4.9,12.8,가을
2019-11-19,44.31613,9.8,0.6,0.0,가을
2019-11-20,44.032622,11.5,-1.7,0.0,가을
2019-11-21,45.29536,14.5,-3.5,0.0,가을
2019-11-22,49.258047,18.2,0.9,0.0,가을
2019-11-25,51.626336,14.7,8.3,0.0,가을
2019-11-26,50.911373,15.3,5.8,0.0,가을
2019-11-27,48.905153999999996,12.3,5.1,0.0,가을
2019-11-28,46.10669,12.8,1.3,0.0,가을
2019-11-29,43.101649,14.0,-1.7,0.0,가을
2019-12-02,46.460386,9.4,2.0,0.0,겨울
2019-12-03,38.847471,8.2,-3.3,0.0,겨울
2019-12-04,40.53441,12.0,-3.1,0.0,겨울
2019-12-05,41.370005,9.0,-2.6,0.0,겨울
2019-12-06,37.560455,5.1,-6.6,0.0,겨울
2019-12-09,37.949368,11.0,-6.2,0.0,겨울
2019-12-10,43.048702,15.8,-2.3,0.0,겨울
2019-12-11,47.74125,17.0,0.9,0.0,겨울
2019-12-12,43.494521,9.1,-3.2,0.0,겨울
2019-12-13,37.95263,9.5,-6.0,0.0,겨울
2019-12-16,43.296282,14.0,-1.0,0.0,겨울
2019-12-17,46.321191,13.0,0.2,0.0,겨울
2019-12-18,47.986584,14.1,2.1,0.0,겨울
2019-12-19,45.180375999999995,11.6,-1.6,0.0,겨울
2019-12-20,40.524209,8.6,-3.6,0.0,겨울
2019-12-23,39.350141,12.1,-3.6,0.0,겨울
2019-12-24,39.487502,11.6,-3.0,0.0,겨울
2019-12-26,43.00888,6.7,1.5,1.2,겨울
2019-12-27,42.614978,7.8,-3.6,0.0,겨울
2019-12-30,44.12924,11.1,2.7,0.6,겨울
2019-12-31,39.976683,3.5,-6.4,0.0,겨울
2020-01-02,35.25522,9.0,-6.4,0.0,겨울
2020-01-03,36.779205,10.8,-5.9,0.0,겨울
2020-01-06,39.230957000000004,4.6,-2.4,13.8,겨울
2020-01-07,50.107936,17.3,4.5,40.3,겨울
2020-01-08,47.663264,14.3,3.2,0.0,겨울
2020-01-09,41.634391,9.8,-1.9,0.0,겨울
2020-01-10,37.260458,9.6,-5.0,0.0,겨울
2020-01-13,36.163376,7.4,-5.5,0.0,겨울
2020-01-14,38.713166,6.1,-4.0,0.0,겨울
2020-01-15,36.585256,7.3,-6.6,0.0,겨울
2020-01-16,39.549232,7.8,-5.0,0.0,겨울
2020-01-17,41.492891,9.6,-3.5,0.0,겨울
2020-01-20,37.763917,9.3,-5.6,0.0,겨울
2020-01-21,39.52182,9.3,-7.0,0.0,겨울
2020-01-22,40.9004,4.9,0.0,20.1,겨울
2020-01-23,44.566022000000004,10.8,4.4,7.9,겨울
2020-01-28,48.589872,11.3,5.6,0.3,겨울
2020-01-29,45.308944,10.5,4.2,0.5,겨울
2020-01-30,43.867648,10.4,-0.2,0.0,겨울
2020-01-31,39.374187,10.2,-2.8,0.0,겨울
2020-02-03,39.330600000000004,9.6,-3.8,0.0,겨울
2020-02-04,38.015173000000004,9.2,-6.7,0.0,겨울
2020-02-05,41.107355,4.8,-4.2,0.0,겨울
2020-02-06,40.00054,5.3,-7.5,0.0,겨울
2020-02-07,43.245593,9.8,-4.8,0.0,겨울
2020-02-10,40.84273,12.6,-5.3,0.0,겨울
2020-02-11,45.041934,14.3,-4.5,0.0,겨울
2020-02-12,47.832946,11.3,6.0,20.8,겨울
2020-02-13,47.846367,15.9,3.6,0.0,겨울
2020-02-14,49.930688,19.2,3.7,0.0,겨울
2020-02-17,38.597933,2.4,-2.5,0.0,겨울
2020-02-18,39.908368,8.5,-6.9,0.0,겨울
2020-02-19,42.645181,12.2,-5.5,0.0,겨울
2020-02-20,45.400094,14.8,-2.3,0.0,겨울
2020-02-21,46.78152,15.1,-2.5,1.3,겨울
2020-02-24,46.66678,16.1,-3.8,0.6,겨울
2020-02-25,46.925455,9.1,7.6,17.1,겨울
2020-02-26,49.963746,15.2,4.0,0.0,겨울
2020-02-27,47.431652,11.0,4.3,0.0,겨울
2020-02-28,42.77856,7.1,3.5,1.3,겨울
2020-03-02,49.625828,13.7,1.7,0.0,봄
2020-03-03,46.839956,13.2,0.8,0.0,봄
2020-03-04,47.07776,12.0,1.3,0.0,봄
2020-03-05,43.809556,11.8,-3.3,0.0,봄
2020-03-06,43.732425,13.8,-4.7,0.0,봄
2020-03-09,47.357,13.7,0.5,7.4,봄
2020-03-10,49.31573,11.0,3.5,10.3,봄
2020-03-11,44.783832000000004,12.3,-2.3,0.0,봄
2020-03-12,46.41152,15.6,-3.5,0.0,봄
2020-03-13,51.154082,17.3,0.8,0.0,봄
2020-03-16,47.088432,11.9,-2.5,0.0,봄
2020-03-17,51.062408000000005,18.7,-1.5,0.0,봄
2020-03-18,50.97752800000001,18.2,0.0,0.0,봄
2020-03-19,54.938179000000005,18.5,5.3,0.0,봄
2020-03-20,53.493004,16.4,2.8,0.0,봄
2020-03-23,54.383744,20.3,0.8,0.0,봄
2020-03-24,51.351872,18.7,1.7,0.0,봄
2020-03-25,53.480132,19.6,1.3,0.0,봄
2020-03-26,51.844096,12.6,8.0,18.6,봄
2020-03-27,58.248584,22.6,9.6,0.9,봄
2020-03-30,53.595997999999994,18.4,6.3,0.0,봄
2020-03-31,53.547774000000004,20.6,2.9,0.0,봄
2020-04-01,56.924752,20.9,8.3,0.4,봄
2020-04-02,52.062138000000004,18.1,1.0,0.0,봄
2020-04-03,53.319767999999996,19.8,1.2,0.0,봄
2020-04-06,51.230477,18.4,-1.5,0.0,봄
2020-04-07,56.096410000000006,22.1,3.5,0.0,봄
2020-04-08,55.235267,20.0,3.3,0.0,봄
2020-04-09,52.79716,18.2,0.5,0.0,봄
2020-04-10,50.77409,11.7,7.4,0.0,봄
2020-04-13,52.087496,16.7,3.5,0.0,봄
2020-04-14,54.423336000000006,22.8,-0.3,0.0,봄
2020-04-16,53.481466,20.0,2.2,0.0,봄
2020-04-17,51.601044,12.0,8.0,28.9,봄
2020-04-20,56.74334,20.0,7.0,0.0,봄
2020-04-21,54.421834000000004,18.3,6.3,0.0,봄
2020-04-22,50.310914,14.6,1.2,0.0,봄
2020-04-23,49.65769,15.8,-0.6,0.0,봄
2020-04-24,53.030308000000005,17.8,-0.5,0.0,봄
2020-04-27,55.709683999999996,20.6,4.0,0.0,봄
2020-04-28,55.244968,21.9,2.2,0.0,봄
2020-04-29,58.205156,24.2,3.6,0.0,봄
2020-05-04,68.24452,28.2,15.1,0.0,봄
2020-05-06,64.697715,28.8,12.0,0.0,봄
2020-05-07,60.35183,24.5,8.5,0.0,봄
2020-05-08,59.844837999999996,22.6,5.5,0.0,봄
2020-05-11,65.177152,28.9,9.0,0.0,봄
2020-05-12,64.187358,24.8,13.7,0.0,봄
2020-05-13,61.512822,25.6,7.3,0.0,봄
2020-05-14,61.740584,25.9,8.6,0.0,봄
2020-05-15,58.95545,16.8,14.1,17.8,봄
2020-05-18,63.67458,21.1,15.3,13.6,봄
2020-05-19,57.775035,18.7,9.9,0.0,봄
2020-05-20,60.068266,23.3,8.0,0.0,봄
2020-05-21,60.58336200000001,21.2,12.8,0.0,봄
2020-05-22,61.148515,23.2,10.8,0.0,봄
2020-05-25,65.664064,24.9,14.3,0.0,봄
2020-05-26,65.36601999999999,25.1,15.1,0.0,봄
2020-05-27,65.694166,27.3,13.1,0.0,봄
2020-05-28,65.423325,26.2,11.3,0.0,봄
2020-05-29,66.39419000000001,28.3,11.9,0.0,봄
2020-06-01,68.983349,28.9,15.9,0.0,여름
2020-06-02,65.887068,28.6,10.9,0.0,여름
2020-06-03,68.95687799999999,27.8,15.3,0.0,여름
2020-06-04,73.300028,30.9,19.7,0.0,여름
2020-06-05,72.732157,31.1,17.6,0.0,여름
2020-06-08,70.46088400000001,32.2,14.1,0.0,여름
2020-06-09,72.430808,33.1,14.3,0.0,여름
2020-06-10,74.002974,32.8,18.3,0.4,여름
2020-06-11,75.194468,31.2,20.7,3.2,여름
2020-06-12,75.02325,30.2,21.7,11.2,여름
2020-07-01,70.382398,27.5,18.6,0.0,여름
2020-07-02,69.562376,27.1,16.5,0.0,여름
2020-07-03,66.66957,21.3,18.1,10.4,여름
2020-07-06,71.06144,24.0,18.9,0.0,여름
2020-07-07,74.76184599999999,30.1,21.8,0.0,여름
2020-07-08,74.78085300000001,30.2,20.8,0.0,여름
2020-07-09,71.92104400000001,27.3,18.8,2.6,여름
2020-07-10,74.233676,28.7,21.7,62.6,여름
2020-07-13,66.687123,20.2,18.5,121.1,여름
2020-07-14,68.149174,23.1,18.8,7.9,여름
2020-07-15,66.98989,21.7,18.7,7.5,여름
2020-07-16,70.33588,28.2,18.2,0.0,여름
2020-07-17,71.380687,29.4,18.8,0.0,여름
2020-07-20,77.93156,30.2,23.8,0.7,여름
2020-07-21,75.698912,29.6,22.0,8.3,여름
2020-07-22,73.70329799999999,25.1,22.1,36.1,여름
2020-07-23,72.2448,23.7,21.7,102.8,여름
2020-07-24,69.485825,22.7,20.0,9.3,여름
2020-07-27,71.21852000000001,25.2,19.7,41.4,여름
2020-07-28,75.417344,28.9,22.0,21.9,여름
2020-07-29,75.486336,27.4,23.2,23.7,여름
2020-07-30,75.65665200000001,30.8,21.8,48.4,여름
2020-07-31,77.79835399999999,31.3,22.4,0.0,여름
2020-08-03,79.053172,30.4,24.7,0.0,여름
2020-08-04,79.498708,31.2,23.2,0.0,여름
2020-08-05,79.57721599999999,29.5,24.3,26.6,여름
2020-08-06,79.100583,27.8,25.8,11.8,여름
2020-08-07,77.1777,27.3,23.4,90.3,여름
2020-08-10,77.91162600000001,28.0,24.7,68.9,여름
2020-08-11,78.48263,29.8,25.5,21.9,여름
2020-08-12,80.532692,30.9,25.6,1.8,여름
2020-08-13,80.31989999999999,32.7,24.2,0.0,여름
2020-08-14,81.190225,32.2,26.1,0.0,여름
2020-08-18,80.44742500000001,35.0,23.5,0.0,여름
2020-08-19,79.99084500000001,35.2,23.0,0.0,여름
2020-08-20,79.99758399999999,35.7,22.6,0.0,여름
2020-08-21,79.0184,32.9,23.3,0.0,여름
2020-08-24,78.161439,33.2,22.7,0.0,여름
2020-08-25,79.42076,34.1,22.2,0.0,여름
2020-08-26,79.39609999999999,32.6,25.1,8.3,여름
2020-08-27,79.714576,30.8,25.5,14.6,여름
2020-08-28,78.858833,30.6,24.2,0.8,여름
2020-08-31,77.701846,30.2,23.6,2.2,여름
2020-09-01,76.46624,30.5,22.2,0.0,가을
2020-09-02,76.40168,27.1,23.8,49.9,가을
2020-09-03,74.685172,30.6,18.4,50.5,가을
2020-09-04,71.170162,29.2,16.6,0.0,가을
2020-09-07,70.508858,24.9,19.3,49.9,가을
2020-09-08,73.778843,29.1,21.5,0.5,가을
2020-09-09,71.35159999999999,27.2,18.6,10.8,가을
2020-09-10,71.78855899999999,28.9,19.4,10.5,가을
2020-09-11,70.40257,26.3,19.7,3.3,가을
2020-09-14,70.49157,27.7,18.8,0.0,가을
2020-09-15,71.3856,28.3,18.2,0.0,가을
2020-09-16,69.941576,23.3,19.8,1.8,가을
2020-09-17,68.62904400000001,23.7,18.1,3.7,가을
2020-09-18,65.473036,23.4,14.8,1.1,가을
2020-09-21,62.625775000000004,24.5,11.1,0.0,가을
2020-09-22,62.917744,23.2,13.5,0.0,가을
2020-09-23,65.02034499999999,22.6,13.1,0.0,가을
2020-09-24,66.696184,24.5,15.1,0.0,가을
2020-09-25,66.44814600000001,25.7,13.2,0.0,가을
2020-09-28,61.9928,24.7,10.0,0.0,가을
2020-10-05,59.929761,21.3,10.6,0.0,가을
2020-10-06,58.934028999999995,22.8,7.9,0.0,가을
2020-10-07,62.164229999999996,23.2,10.8,0.0,가을
2020-10-08,63.16126,22.9,15.1,0.0,가을
2020-10-12,62.22344,24.8,12.0,0.0,가을
2020-10-13,57.649298,22.8,8.1,0.0,가을
2020-10-14,56.49741,22.1,6.4,0.0,가을
2020-10-15,57.419560000000004,22.5,8.5,0.0,가을
2020-10-16,54.392744,17.1,5.9,0.0,가을
2020-10-19,55.538168,22.2,5.4,0.0,가을
2020-10-20,55.546308,23.2,5.0,0.0,가을
2020-10-21,56.2751,18.6,8.3,27.6,가을
2020-10-22,58.561152,18.7,10.9,0.8,가을
2020-10-23,53.532859,18.0,4.8,0.0,가을
2020-10-26,53.30364,21.3,3.9,0.0,가을
2020-10-27,53.771854,21.8,5.0,0.0,가을
2020-10-28,55.189857,20.4,7.5,0.0,가을
2020-10-29,52.26675,19.6,2.7,0.0,가을
2020-10-30,52.405463,20.2,3.0,0.0,가을
2020-11-02,53.774072000000004,18.6,4.5,1.9,가을
2020-11-03,48.18139,13.3,1.9,0.0,가을
2020-11-04,44.744762,15.3,-1.8,0.0,가을
2020-11-05,48.009375,15.8,-2.5,0.0,가을
2020-11-06,52.67296,14.6,6.3,0.0,가을
2020-11-09,50.04298,14.6,2.8,0.0,가을
2020-11-10,48.881696,16.7,1.5,0.0,가을
2020-11-11,46.402968,16.5,-1.3,0.0,가을
2020-11-12,47.390625,18.8,0.1,0.0,가을
2020-11-13,48.651904,20.2,0.3,0.0,가을
2020-11-16,53.168058,21.6,3.4,0.0,가을
2020-11-17,59.032677,19.3,11.3,0.0,가을
2020-11-18,64.25807,23.6,12.9,1.9,가을
2020-11-19,65.98530099999999,23.6,12.7,20.4,가을
2020-11-20,50.808039,14.0,3.7,0.0,가을
2020-11-23,46.2276,12.4,0.6,0.0,가을
2020-11-24,45.740114,13.6,0.2,0.0,가을
2020-11-25,47.57748,15.6,0.1,0.0,가을
2020-11-26,48.221000000000004,13.8,2.4,0.0,가을
2020-11-27,47.807284,13.8,2.2,0.0,가을
2020-11-30,43.896281,10.8,-1.8,0.0,가을
2020-12-01,41.730072,10.8,-4.9,0.0,겨울
2020-12-02,42.79308,10.9,-2.3,0.0,겨울
2020-12-03,43.499835,10.8,-2.7,0.0,겨울
2020-12-04,42.13492,9.5,-3.1,0.0,겨울
2020-12-07,39.780096,10.8,-3.6,0.0,겨울
2020-12-08,40.720763,9.0,-3.0,0.0,겨울
2020-12-09,38.437960000000004,10.8,-6.0,0.0,겨울
2020-12-10,42.034688,10.6,-1.8,0.0,겨울
2020-12-11,43.189316000000005,13.4,-2.5,0.0,겨울
2020-12-14,40.207518,1.9,-4.1,0.0,겨울
2020-12-15,37.52877,2.1,-6.3,0.0,겨울
2020-12-16,35.388878,3.1,-8.8,0.0,겨울
2020-12-17,34.828936,6.1,-9.8,0.0,겨울
2020-12-18,38.099514,8.8,-7.0,0.0,겨울
2020-12-21,34.585492,7.7,-7.4,0.0,겨울
2020-12-22,34.293341,8.6,-7.5,0.0,겨울
2020-12-23,35.723264,9.0,-6.6,0.0,겨울
2020-12-24,43.927931,12.8,-1.8,0.0,겨울
2021-01-04,35.535075,7.2,-7.7,0.0,겨울
2021-01-05,38.348776,6.9,-5.5,0.0,겨울
2021-01-06,36.48004,2.2,-8.1,0.0,겨울
2021-01-07,31.920503999999998,-1.3,-12.1,0.0,겨울
2021-01-08,27.74068,-1.9,-15.4,0.0,겨울
2021-01-11,31.488203000000002,1.3,-7.9,0.0,겨울
2021-01-12,33.984454,5.4,-10.4,0.0,겨울
2021-01-13,41.684484,11.8,-4.8,0.0,겨울
2021-01-14,41.260933,13.0,-4.9,0.0,겨울
2021-01-15,47.2325,15.6,-1.9,0.0,겨울
2021-01-18,36.581708,5.1,-8.3,0.2,겨울
2021-01-19,37.641360000000006,5.6,-8.2,0.0,겨울
2021-01-20,36.57056,10.6,-9.7,0.0,겨울
2021-01-21,43.391744,12.6,-2.6,1.7,겨울
2021-01-22,44.78425,9.8,5.1,1.2,겨울
2021-01-25,45.291246,14.3,-1.2,0.0,겨울
2021-01-26,40.990585,7.4,1.5,10.3,겨울
